GROUP,PACKAGE,CLASS,INSTRUCTION_MISSED,INSTRUCTION_COVERED,BRANCH_MISSED,BRANCH_COVERED,LINE_MISSED,LINE_COVERED,COMPLEXITY_MISSED,COMPLEXITY_COVERED,METHOD_MISSED,METHOD_COVERED
CS410J Phone Bill Project,edu.pdx.cs410J.gharini,InvalidStartAndEndTimesException,7,0,0,0,4,0,2,0,2,0
CS410J Phone Bill Project,edu.pdx.cs410J.gharini,SameCallerAndCalleeException,7,0,0,0,4,0,2,0,2,0
CS410J Phone Bill Project,edu.pdx.cs410J.gharini,InvalidPhoneNumberException,3,4,0,0,2,2,1,1,1,1
CS410J Phone Bill Project,edu.pdx.cs410J.gharini,InvalidNumberOfArgumentsException,3,4,0,0,2,2,1,1,1,1
CS410J Phone Bill Project,edu.pdx.cs410J.gharini,InvalidDateAndTimeException,3,4,0,0,2,2,1,1,1,1
CS410J Phone Bill Project,edu.pdx.cs410J.gharini,Project1,163,237,15,29,46,73,14,23,4,11
CS410J Phone Bill Project,edu.pdx.cs410J.gharini,PhoneCall,33,0,0,0,12,0,6,0,6,0
CS410J Phone Bill Project,edu.pdx.cs410J.gharini,InvalidArgumentFormatException,7,0,0,0,4,0,2,0,2,0
CS410J Phone Bill Project,edu.pdx.cs410J.gharini,PhoneBill,23,0,0,0,8,0,4,0,4,0
CS410J Phone Bill Project,edu.pdx.cs410J.gharini,OptionsAreCaseSensitiveException,3,4,0,0,2,2,1,1,1,1
CS410J Phone Bill Project,edu.pdx.cs410J.gharini,InvalidNameException,7,0,0,0,4,0,2,0,2,0
